{"R2_score": 0.16390349599871645, "MSE": 0.8591200345670749}